401K,503,我孫子
531S,524,我孫子
547S,545,取手
565E,550,取手
535S,558,取手
609S,606,松戸
537S,611,取手
611K,617,取手
539S,622,我孫子
615S,626,取手
515K,632,取手
619S,639,取手
541S,644,柏
633S,648,取手
601S,652,取手
617K,658,柏
643S,703,取手
553E,708,柏
603S,712,取手
551E,716,柏
603K,721,取手
607S,728,柏
555S,731,我孫子
645S,736,松戸
613S,741,我孫子
659S,748,我孫子
653S,756,我孫子
717S,800,松戸
709S,807,我孫子
721S,818,我孫子
725K,822,松戸
721K,829,我孫子
757E,837,我孫子
661S,847,我孫子
705K,853,我孫子
827K,859,松戸
809K,904,我孫子
839S,910,我孫子
749E,918,我孫子
829K,922,我孫子
743E,928,松戸
815K,932,我孫子
713K,939,我孫子
825S,947,我孫子
923K,956,我孫子
911K,1004,松戸
907S,1007,我孫子
955S,1015,我孫子
915S,1024,我孫子
911S,1035,我孫子
901S,1045,我孫子
1005S,1055,我孫子
903S,1105,我孫子
1031K,1115,我孫子
1003K,1125,我孫子
1061S,1135,我孫子
1021S,1145,我孫子
1139S,1155,我孫子
1059S,1205,我孫子
1129K,1215,我孫子
1109K,1225,我孫子
1125S,1235,我孫子
1149E,1245,我孫子
1207S,1255,我孫子
1213K,1305,我孫子
1215S,1315,我孫子
1223K,1325,我孫子
1205S,1335,我孫子
1255S,1345,我孫子
1331K,1355,我孫子
1311S,1405,我孫子
1361S,1415,我孫子
1303S,1425,我孫子
1339S,1435,我孫子
1303K,1445,我孫子
1429K,1455,我孫子
1421S,1505,我孫子
1425S,1515,我孫子
1459S,1525,我孫子
1407S,1535,我孫子
1409K,1545,我孫子
1515S,1555,我孫子
1549E,1605,我孫子
1505S,1615,我孫子
1513K,1625,我孫子
1531K,1635,我孫子
1523K,1645,我孫子
1661S,1654,我孫子
1633S,1701,我孫子
1655S,1709,我孫子
1643S,1718,我孫子
1603K,1725,我孫子
1641S,1732,取手
1629K,1737,我孫子
1709S,1745,柏
1653S,1749,取手
1639S,1753,我孫子
1711K,1759,柏
1603S,1804,取手
1759S,1809,我孫子
1707K,1813,柏
1745S,1817,取手
1723S,1822,我孫子
1759E,1826,柏
1719S,1831,取手
1717K,1835,我孫子
1761E,1839,柏
1731S,1844,取手
1727S,1847,我孫子
1857S,1853,柏
1701K,1859,取手
1851S,1902,我孫子
1805K,1905,柏
1821S,1908,取手
1813S,1912,取手
1807S,1917,柏
1831K,1922,取手
1851E,1927,柏
1823K,1934,取手
1949S,1941,柏
1801S,1948,我孫子
1955S,1952,柏
1945E,1958,我孫子
1943S,2005,我孫子
1805S,2010,我孫子
1903K,2015,我孫子
1865E,2021,我孫子
1913K,2027,我孫子
1929K,2032,我孫子
1941S,2039,我孫子
2009K,2046,我孫子
2007K,2053,柏
1961S,2100,我孫子
1929S,2108,我孫子
2003S,2117,我孫子
2057S,2126,我孫子
2017K,2133,我孫子
2011K,2140,我孫子
2053S,2150,我孫子
2023S,2159,我孫子
2101K,2206,我孫子
2121S,2216,我孫子
2155S,2227,我孫子
2101S,2237,我孫子
2131S,2247,我孫子
2243S,2257,我孫子
2119K,2305,我孫子
2265E,2314,我孫子
2229K,2324,我孫子
2209K,2333,我孫子
2207K,2343,我孫子
2361S,2352,我孫子
2321K,0005,我孫子
2317K,0016,我孫子
2311K,0024,我孫子
2325K,0031,我孫子
2401K,0047,松戸
2429K,0057,松戸
